매장명,주소
비발디파크,강원 홍천군 서면 한치골길 262 (팔봉리)
춘천이마트,강원 춘천시 온의동 511번지 이마트춘천점 1층
춘천퇴계,강원 춘천시 행촌로 28
춘천한숲시티,강원 춘천시 퇴계동 1240
춘천온의,강원 춘천시 온의동 590 온의롯데캐슬스카이클래스 1층
문막,강원 원주시 문막읍 건등리 200-6 1층
춘천석사,강원 춘천시 지석로 75
춘천명동,강원 춘천시 중앙로 67번길 3
강원대,강원 춘천시 효자동 628-10
원주기업센텀,강원 원주시 지정면 가곡리 1497-1
원주기업스타,"강원 원주시 지정면 신지정로 211, 스타세븐상가 156호"
춘천애막골,강원 춘천시 석사동 729-1
춘천강북,강원 춘천시 충열로 10-13
춘천후평,강원 춘천시 후석로 296
춘천장학,강원 춘천시 동면 장학리 1007-5
홍천중앙로,강원 홍천군 홍천읍 꽃뫼로 99-2
철원동송,강원 철원군 동송읍 이평리 680-6
원주단계,강원 원주시 단계동 1216
원주터미널,강원 원주시 서원대로 171 원주시외버스터미널
원주무실,강원 원주시 무실동 1857-10 (시네씨티타워 1층)
원주태장,강원 원주시 북원로 2706
원주중앙,강원 원주시 원일로 122-2 (중앙동)
원주구곡,"강원 원주시 단구동 1511-1 스타프라자 103,104호"
원주단관,강원 원주시 단구로 369
강원횡성,강원 횡성군 횡성읍 문정로 21 (읍하리)
원주반곡,"강원 원주시 늘품로 187-58 (단구동, 현대아카데미프라자) 113호, 114호"
원주혁신,강원 원주시 반곡동 1885-3
철원와수,강원 철원군 서면 와수로146번길 1 (와수리)
강원화천,강원 화천군 화천읍 중앙로 11
강원양구,강원 양구군 양구읍 중앙길 9
강원인제,강원 인제군 인제읍 상동리 295-6
영월,강원 영월군 영월읍 중앙로 17
평창알펜시아,강원 평창군 대관령면 솔봉로 325 알펜시아 콘도 101동 R05호
강원횡계,강원 평창군 대관령면 대관령마루길 7 (횡계리)
속초조양,"강원 속초시 동해대로 4024,111(조양동,1층111~112호)"
속초중앙,강원 속초시 중앙로 136
강릉유천,강원 강릉시 홍제동 1022-4 1층
강릉교동,강원 강릉시 교동광장로 135
강릉대학로,강원 강릉시 경강로 2096
,강원 강릉시 옥천동 189 6층 601호
강릉포남,강원 강릉시 포남동 1186
강릉입암,"강원 강릉시 입암동 708-1, 1층 105호(입암동)"
강릉이마트,강원 강릉시 경강로 2398-10 (송정동) 이마트 1층
강원태백,강원 태백시 황지로 172 (황지동)
동해나안,강원 동해시 나안동 177-7
동해천곡,강원 동해시 대학로 31 101호
삼척쏠비치,강원 삼척시 갈천동 225 로비 1층
삼척남양,강원 삼척시 남양동 17-13
렛츠런파크(임시휴점),"경기 과천시 경마공원대로 107 (주암동, 한국마사회)"
과천역,"경기 과천시 별양로 164 (부림동, 과천센트럴파크푸르지오써밋)"
과천정부청사역,"경기 과천시 별양상가1로 35 상아빌딩 104, 105호"
과천위버필드,"경기 과천시 모템말길 7, 상가12-2동 101, 102호 (갈현동)"
남위례역,"경기 성남시 수정구 위례광장로 25 (창곡동, 성산타워) 104호"
flow위례,"경기 성남시 수정구 위례광장로 320 (창곡동, 아이에스센트럴타워) 1층"
위례트레이더스,"경기 하남시 위례대로 200 (학암동, 스타필드시티 위례점) 지하 3층"
성남태평역,경기 성남시 수정구 수정로 71
위례창곡,"경기 성남시 수정구 위례동로 141 (창곡동, 우성메디피아)"
안양동편마을,"경기 안양시 동안구 동편로 6, 115"
성남모란역,경기 성남시 중원구 성남동 3498
성남태평이마트,경기 성남시 수정구 태평동 7336 이마트 2층
인덕원역0624,경기 안양시 동안구 관양동 1502-4
성남산성,경기 성남시 수정구 산성동 1456
하남감일포웰시티,"경기 하남시 감일백제로 101 (감이동) 아리온프라자 101호, 102호"
의왕포일,"경기 의왕시 안양판교로 99 (포일동, 스마일타워)"
신흥사거리,경기 성남시 수정구 신흥동 4210-2
안양관양,경기 안양시 동안구 관평로 296
판교운중,경기 성남시 분당구 운중동 947
성남세이브존,경기 성남시 수정구 산성대로 337 성남세이브존 지하1층
남한산성역,경기 성남시 중원구 금광동 4840 1층
단대오거리,경기 성남시 중원구 산성대로372번길 3 (금광동)
야탑홈플러스,경기 성남시 분당구 야탑동 341 테마폴리스 3층
안양평촌역,경기 안양시 동안구 관평로170번길 43
평촌새중앙,경기 안양시 동안구 귀인로 289 (평촌동)
분당야탑,경기 성남시 분당구 야탑로 81번길 10 분당아미고타워 108호
성남하대원,경기 성남시 중원구 하대원동 132-12
광명신촌,경기 광명시 소하동 1364
분당아름마을,경기 성남시 분당구 판교로 445
판교원마을,경기 성남시 분당구 운중로 242
성남상대원,경기 성남시 중원구 희망로343번길 2 (상대원동)
안양임곡,경기 안양시 동안구 임곡로 40 (비산동) 1층
안양평촌홈플러스,경기 안양시 동안구 동안로 162 홈플러스 평촌점 1층
안양비산,경기 안양시 동안구 관악대로 129
신구대사거리,경기 성남시 중원구 광명로 369 (금광동)
광명하안,"경기 광명시 범안로 1059, 유창빌딩 101호"
안양관악역,경기 안양시 만안구 석수동 103-5
평촌범계2,경기 안양시 동안구 호계동 1050
평촌범계,"경기 안양시 동안구 평촌대로223번길 64 (호계동, 제일빌딩)"
분당중탑,경기 성남시 분당구 벌말로 37
광명하안6단지,경기 광명시 하안동 37 신영빌딩 103호
광명소하이마트,경기 광명시 소하로 97 이마트 3층
현대판교,"경기 성남시 분당구 판교역로146번길 20 (백현동, 현대백화점 판교점)"
구리토평,경기 구리시 수택동 874-11
평촌학원가,"경기 안양시 동안구 평촌대로 141, 103, 104호"
의왕내손,경기 의왕시 갈미2로 40
의왕백운,"경기 의왕시 백운중앙로 45 (학의동, 의왕백운해링턴플레이스 2단지) 상가 1호"
안양덕천래미안,경기 안양시 만안구 안양동 1393
광명철산로데오,경기 광명시 오리로 856번길 25
안양역지하상가,경기 안양시 만안구 만안로 230 안양민자역사
경남거창,경남 거창군 거창읍 중앙로 115-2
경남함양,경남 함양군 함양읍 고운로 58
경남합천,경남 합천군 합천읍 대야로 880-4
경남산청,경남 산청군 산청읍 산청리 166-8
경남창녕,경남 창녕군 창녕읍 창녕대로 18-1 (술정리)
경남의령,경남 의령군 의령읍 행복로1길 87 (동동리)
경남밀양,경남 밀양시 내이동 916
밀양삼문,경남 밀양시 삼문중앙로 23
진주초전,경남 진주시 초전동 1631-4
진주금산,경남 진주시 금산면 중천로 83 (장사리)
진주대안,경남 진주시 대안동 18-11
진주이마트,"경남 진주시 진양호로 477 (인사동, 이마트) 지하 1층"
진주신안,경남 진주시 진양호로 288
진주하대,"경남 진주시 하대로 85 (하대동, 럭스빌) 1층 104호"
진주평거,경남 진주시 새평거로 129 (평거동)
진주과학기술대,경남 진주시 동진로 36-1 (칠암동) 1층
경남함안,경남 함안군 가야읍 가야로 33
진주혁신도시,경남 진주시 사들로 97 (충무공동)
진주충무공동,경남 진주시 충무공동 82-5
진주경상대,경남 진주시 가좌동 639-6
경남하동,경남 하동군 하동읍 읍내리 224-14
신진주역,경남 진주시 가좌동 2064-2
창원감계,"경남 창원시 의창구 북면 감계로 304 (감계리), 1층 101호"
마산호계,경남 창원시 마산회원구 내서읍 호계리 182
마산내서,경남 창원시 마산회원구 내서읍 삼계리 27-1 삼계스포렉스 109호
경남사천,경남 사천시 사천읍 진삼로 1462
창원소답,경남 창원시 의창구 읍성로 55
창원팔용,경남 창원시 의창구 팔용로 428 122호
마산합성,"경남 창원시 마산회원구 3.15대로 744 (합성동, 송하빌딩) 1층 103호"
김해진영,경남 김해시 진영읍 김해대로361번길 8 106호
창원유니시티,경남 창원시 의창구 중동 784-1
김해본산,경남 김해시 진영읍 진영리 1629-4
창원도계,경남 창원시 의창구 도계로60번길 5-19
창원동읍,"경남 창원시 의창구 동읍 의창대로 856 (용잠리, 원창호수아파트)"
마산석전,"경남 창원시 마산회원구 율림교로 13 (양덕동, 메트로엠) 메트로M상가 1층 105호"
마산회원,경남 창원시 마산회원구 북성로 103
마산양덕홈플러스,경남 창원시 마산회원구 삼호로 56
창원상남시장,경남 창원시 성산구 마디미로 16번길 3
창원시티세븐,"경남 창원시 의창구 원이대로 320 (대원동, 더시티세븐) 1층"
마산합포,경남 창원시 마산합포구 중앙동3가 2-3 108호 (315대로 255)
창원홈플러스,경남 창원시 의창구 창원대로 415 1층
,경남 창원시 의창구 대원동 121 1층
창원봉곡,경남 창원시 의창구 봉곡로123번길 2 (봉곡동)
창원반송,경남 창원시 성산구 원이대로473번길 9
신마산,경남 창원시 마산합포구 월영동2길 2
창원용호,경남 창원시 의창구 용호동 73-2
마산월영,경남 창원시 마산합포구 월영동 614-10
창원이마트,경남 창원시 성산구 원이대로 608 1층
창원상남사거리,경남 창원시 성산구 상남동 22-8
창원상남,경남 창원시 성산구 상남동 45-1 성원종합상가 1층 1121호
영천동부,경북 영천시 동부로 49
문경모전,경북 문경시 당교로 261 (모전동)
경북상주,경북 상주시 무양동 291-5
상주시청,경북 상주시 남성동 115-3
경북예천,경북 예천군 예천읍 노하리 75-17
영주가흥,경북 영주시 가흥동 1728-2
경북영주,경북 영주시 번영로 154
영주홈플러스,경북 영주시 휴천3동 329-1
경북도청,경북 예천군 호명면 새움3로 20 (산합리)
구미선산,경북 구미시 선산읍 남문로 47-2 (완전리)
김천이마트,경북 김천시 시청로 75 1층 이마트內 1층
안동옥동,경북 안동시 경북대로 423
김천역,경북 김천시 김천로 131 (평화동)
안동삼산,경북 안동시 남문로 22-15
안동홈플러스,"경북 안동시 경동로 656 (운흥동, 홈플러스) 3층"
안동정하,경북 안동시 정하동 282-3
김천율곡,경북 김천시 혁신4로 61 (율곡동)
김천혁신,"경북 김천시 혁신3로 15 (율곡동, 율곡스퀘어 Ⅵ) 1층"
구미봉곡,경북 구미시 봉곡로 96
구미원호,경북 구미시 고아읍 원호리 439-5
구미문성,경북 구미시 고아읍 들성로 237 (문성리)
구미원평,경북 구미시 구미중앙로 94
구미송정,경북 구미시 송정동 4-5
구미형곡,경북 구미시 신시로 77
구미신평,경북 구미시 신비로 14 (신평동)
구미확장,경북 구미시 산동면 신당2로 57 (신당리)
구미광평홈플러스,경북 구미시 구미대로 174 홈플러스內 1층
경북의성,경북 의성군 의성읍 후죽리 542-4
구미옥계,경북 구미시 옥계북로 39 삼구트리니엔
구미상모,경북 구미시 상모로 48
동구미이마트,경북 구미시 임수동 92-28 이마트內 1층
구미북삼,경북 칠곡군 북삼읍 금오대로 288
구미인동,경북 구미시 황상동 318-5
구미구평,경북 구미시 인동36길 5
칠곡석적,경북 칠곡군 석적읍 중리 140-1
왜관역,경북 칠곡군 왜관읍 중앙로 197-1 (왜관리)
경북성주,경북 성주군 성주읍 성산6길 2 (성산리)
경북울진,경북 울진군 울진읍 울진중앙로 113 (읍내리)
경북고령,경북 고령군 대가야읍 헌문리 241
경산하양,경북 경산시 하양읍 하양로 90
경산이마트,경북 경산시 옥산로 227 경산이마트
경산정평,경북 경산시 대학로 30 (정평동)
경산중산,"경북 경산시 펜타힐즈2로 27 (중산동, 중산타워)"
경산홈플러스,경북 경산시 중방동 896 1층 배스킨라빈스 경산홈플러스점
영천시청,경북 영천시 문외동 12
경산영대,경북 경산시 대학로 291
경북영덕,경북 영덕군 영덕읍 남석리 69-26
경산신대,경북 경산시 압량읍 압독3로 25 (신대리)
경산진량,경북 경산시 진량읍 신상리 1225-8
경산옥곡,경북 경산시 옥곡동 815-1
광주첨단,"광주 광산구 첨단중앙로181번길 42-4 상가 1호, 2호"
광주월계,광주 광산구 첨단중앙로 96 110호
광주양산,광주 북구 하서로 403
광주신용,광주 북구 첨단연신로133번길 4 (신용동)
광주일곡,광주 북구 설죽로 514
광주연제,광주 북구 양산동 660-16
광주신창,광주 광산구 신창로 132 (신창동)
광주장덕,광주 광산구 풍영로 271 (장덕동)
flow광주수완,광주 광산구 장신로147번길 6-2 (수완동)
광주매곡,광주 북구 서하로 131 (매곡동)
광주수완,광주 광산구 장신로 120
광주수완롯데마트,광주 광산구 장신로 98 3층
광주문흥,"광주 북구 문산로 43-2 (문흥동, 라인아파트상가동 12호)"
광주신가,"광주 광산구 신창로 34 (신창동), 1층"
광주동림푸른마을,광주 북구 북문대로 241 (동림동)
동광주홈플러스,광주 북구 동문대로 200 홈플러스점 1층
광주용봉,광주 북구 용봉택지로 94 (용봉동)
광주운암,광주 북구 북문대로 89 벽산블루밍 상가
전남대,광주 북구 우치로 94-1 (용봉동)
광주운남,광주 광산구 운남동 773-6
광주하남홈플러스,광주 광산구 하남동 1 1층
광주말바우,광주 북구 동문대로 96 (두암동)
광주동림,광주 서구 하남대로 680번길 1
광주월곡,광주 광산구 사암로 275 1층
광주두암,광주 동구 산수동 681
광주터미널,"광주 서구 무진대로 904 (광천동, 유스퀘어(광천터미널)), 1층 22호"
광주하남,광주 광산구 사암로216번길 30 (우산동)
광주계림센트럴,광주 동구 경양로 237 (계림동)
광주이마트,광주 서구 화정동 12-13 이마트 광주점 1층
광주쌍촌,광주 서구 상무민주로 101
광주상무,광주 서구 치평로 60
광주운천,광주 서구 쌍촌동 981-19
조선대,광주 동구 필문대로 271
광주충장,광주 동구 서석로 51 (금남로1가)
광주황금,"광주 동구 황금동 102, 1층"
광주염주,광주 서구 월드컵4강로 93-1
광주백운,"광주 남구 제중로 136 (서동, 오베로)"
광주선운,"광주 광산구 선운중앙로 43, 211동 지하1층 B101호, B102호 (선암동, 광주 선운지구 EG the1 2단지)"
광주화정,"광주 서구 화운로 24 (화정동, 유니버시아드 힐스테이트 3단지)"
광주방림,광주 남구 방림동 346-1
광주주월,"광주 남구 대남대로223번길 10 (주월동, 양우 내안애 프레스티지) 111동"
광주송정,광주 광산구 광산로 32
광주학동,광주 동구 남문로 664
광주금호,광주 서구 금화로 93
광주풍암,광주 서구 풍암중앙로 55
광주봉선,광주 남구 봉선로 164
광주마재,광주 서구 회재로 887 (금호동)
광주진월,광주 남구 서문대로 648 1층
광주노대,광주 남구 노대동 851
광주효천,광주 남구 임암동 879
대구칠곡홈플러스,대구 북구 동암로12길 8 칠곡홈플러스 1층
대구칠곡,"대구 북구 학정로 439,109호(동천동,칠곡메가타운)"
대구보건대,대구 북구 태전로 57 (태전동) 1층
대구동천,대구 북구 구암로 143
대구금호,대구 북구 한강로 46 (사수동)
대구세천,대구 달성군 다사읍 세천리 1588
칠곡매천,대구 북구 매전로 80
대구죽곡,"대구 달성군 다사읍 달구벌대로 881(103호, 104호)"
대구서재,대구 달성군 다사읍 서재로 117 (서재리)
대구연경,대구 북구 동화천로 245 (연경동)
대구강창역,대구 달서구 호산로 137 (파호동)
대구동서변,"대구 북구 호국로 219 (서변동, 대성골든프라자1차)"
대구신당,대구 달서구 계대동문로 26
대구성서이곡,대구 달서구 계대동문로 123
대구팔달시장역,대구 서구 비산동 1043 1층 103호
대구성서성산,대구 달서구 성지로 102 (용산동)
대구용산,대구 달서구 용산로 218
대구이시아폴리스,대구 동구 봉무동 1539-8
대구침산,대구 북구 침산로 153 2차 푸르지오상가 1층 c-5호
대구평리,대구 서구 서대구로 112 (평리동)
대구성서홈플러스,대구 달서구 용산동 231-11
대구산격,대구 북구 동북로 163
대구경대북문,대구 북구 산격동 1341-2
대구두류,"대구 서구 달구벌대로 1691, 109호 (내당동)"
대구복현,"대구 북구 복현로 71 (복현동, 복현블루밍상가) 1층 101호"
내당홈플러스,대구 서구 달구벌대로 1821 (내당동)
대구칠성,대구 북구 칠성동2가 371-2 1층
,대구 북구 중앙대로 526 (칠성동2가) 1층
대구본리,대구 달서구 와룡로 124
대구남산,"대구 중구 달구벌대로 1950 (남산동, 남산그린타운)"
대구성당래미안,대구 달서구 본리동 145-2
대구대현,대구 동구 신암로 94-1 (신암동)
대구동성로,대구 중구 동성로 33
대구옥포,"대구 달성군 옥포면 교항리 2918번지 107, 108호"
대구동아쇼핑,대구 중구 달구벌대로 2085
대구신암,대구 동구 아양로 49
대구월성네거리,"대구 달서구 조암로 6 (월성동), 1층"
대구삼덕,대구 중구 공평로 45
대구대천,대구 달서구 대천동 441-1
대구서부,"대구 달서구 구마로 264 (송현동), 1층"
대구화원역,대구 달성군 화원읍 비슬로 2599 (천내리)
대구월배이마트,대구 달서구 대천동 555
대구아양교역,"대구 동구 아양로 246-1 (효목동) 80-11, 1층"
동대구역사,"대구 동구 동대구로 550 (신암동, 동대구역)"
대구대곡역,대구 달성군 화원읍 구라리 1735-4
대구월성,대구 달서구 상원로 128 (상인동)
대구신세계,대구 동구 동부로 149 신세계백화점 9층
동대구터미널,대구 동구 동부로30길 3-2 (신천동)
대구상인홈플러스,"대구 달서구 월배로 183 (상인동, 상인 대성 스카이렉스) 105동"
,대구 달서구 월배로 183
신탄진,대전 대덕구 신탄진로 816
대전송강,대전 유성구 구즉로 70-1 (송강동)
대전관평,대전 유성구 테크노4로 137
대전반석,대전 유성구 반석로 23
대전지족,"대전 유성구 지족동 986-2 105, 105-1, 106-1호"
대전EXPO,대전 유성구 엑스포로 448 엑스포중앙상가 104호
대전신성,대전 유성구 신성남로 45
대전노은,대전 유성구 노은로 170
대전죽동,"대전 유성구 유성대로 871 죽동 1층 101(일부),102,103호"
대전충남대,대전 유성구 대학로151번길 27
대전유성,대전 유성구 봉명동 469-46 유성자이 104호
대전유성홈플러스,대전 유성구 한밭대로 502 유성홈플러스내 1층
대전월평,대전 서구 청사서로 40 1층 배스킨라빈스
대전월평트레이더스,대전 서구 월평동 510
대전학하,대전 유성구 덕명동 601-11
대전둔산이마트,대전 서구 둔산동 959-2 대전둔산이마트 內 1층
대전둔산햇님,"대전 서구 둔산북로 175 (둔산동, 햇님아파트) 햇님상가 1층"
대전도안,대전 유성구 도안대로 512-12
대전둔산,"대전 서구 둔산로 20,104(둔산동)"
대전송촌,대전 대덕구 송촌동 464-2
대전갈마,대전 서구 갈마동 378-14
대전아이파크시티,"대전 유성구 상대복용로29번길 52 (상대동, 대전아이파크시티 1단지)"
대전충남고,대전 서구 문정로 166
대전탄방,"대전 서구 문정로 96(탄반동,101호)"
대전한남대,대전 대덕구 한남로 19
대전비래,대전 대덕구 비래동 126-6
대전터미널서관,대전 동구 동서대로 1689 대전터미널서관 1층
대전목원대,대전 서구 도안북로93번길 7
대전용문,"대전 서구 계룡로 634-1 (용문동), 1층"
대전가장,대전 서구 갈마로 262 벽산맑은아침APT상가 502동 107호
대전중촌,"대전 중구 목중로 12-1 (중촌동), 1층"
대전수목토,"대전 서구 원도안로179번길 7-17, 1층 일부호(도안동)"
대전배재대,대전 서구 배재로 162
대전은행본점,"대전 중구 중앙로164번길 5,1층(은행동)"
대전태평,대전 중구 유천동 326-15
대전대동역,대전 동구 계족로 167
대전SAY,대전 중구 문화동 1-16 백화점 세이 별관 5층
대전문화홈플러스,대전 중구 계백로 1690 문화홈플러스점 1층
대전도마,대전 서구 도마동 174-4
대전용운,대전 동구 새울로 107 (용운동) 1층
대전가수원,대전 서구 가수원동 1061번지 1층
대전관저,대전 서구 관저동 1109 신선타워 101호
대전관저더샵,대전 서구 관저동 1992-1
대전마치광장,대전 서구 구봉로 129 (관저동)
대전산성,대전 중구 대둔산로 397 (산성동) 1층 103호
대전판암,대전 동구 판암동 466
대전복수,대전 서구 복수동로 496.1층
대전가오,대전 동구 가오동 646 가오동 GO빌딩 1층 106호
대전산내,대전 동구 산내로 1329 (낭월동)
부산금곡,부산 북구 금곡동 1880-6
부산정관,부산 기장군 정관면 정관2로 모전리 735번지
부산지사,부산 강서구 지사동 1186
부산화명,부산 북구 화명신도시로 127
부산화명2호,"부산 북구 금곡대로285번길 5 (화명동, 레지던스라움)"
부산화명강변,부산 북구 화명동 2315-2 (학사로 3)
부산정관홈플러스,부산 기장군 정관읍 정관5로 50 홈플러스 1층
부산남산,부산 금정구 남산동 105-9 (중앙대로 2035)
부산정관구연,부산 기장군 정관읍 매학리 749-6
부산덕천,부산 북구 만덕대로16번길 7 (덕천동)
부산구포,부산 북구 백양대로 1192
부산구남역,"부산 북구 백양대로 1057 (구포동, 미래)"
금정이마트,"부산 금정구 중앙대로1841번길 24 (구서동, (주)이마트금정점)"
부산구서역,부산 금정구 구서동 415-101
부산만덕,부산 북구 덕천로 237
부산만덕역,부산 북구 만덕동 823-33
부산장전역,부산 금정구 부곡동 225-58
부산대,부산 금정구 장전동 420-21
부산대역,부산 금정구 금정로60번길 37 (장전동)
사상이마트0629,부산 사상구 괘법동 531-2 이마트 2층 배스킨라빈스
부산동래홈플러스,부산 동래구 중앙대로 1523 홈플러스 지하 1층
부산사상,부산 사상구 사상로 208(괘법동 535-11)
부산동래,부산 동래구 중앙대로1381번길 37 (온천동)
부산명륜아이파크,"부산 동래구 시실로 22, 1층 (명륜동)"
부산미남,부산 동래구 아시아드대로 221 (온천동)
부산사직,부산 동래구 사직동 93-8
부산동래역,부산 동래구 명륜로 129번길 2
부산아시아드홈플러스,부산 연제구 종합운동장로 7
부산대공원,부산 부산진구 초읍동 171-16
부산거제리,부산 연제구 아시아드대로 96
부산학장,"부산 사상구 대동로 103 (학장동, 홍익빌딩)"
부산교대,부산 연제구 명륜로2번길 7
부산신호,부산 강서구 신호산단4로 46 (신호동)
부산명장,부산 동래구 명안로85번길 52
부산명지더샵,부산 강서구 명지동 3594 판매시설동 103호
부산명지휴포레,부산 강서구 명지국제11로 27 (명지동)
부산주례,부산 사상구 가야대로 362
부산당감,부산 부산진구 당감동 421-1
부산개금역,"부산 부산진구 가야대로 450 (개금동, 개금역금강펜테리움더스퀘어아파트)"
부산반송,부산 해운대구 아랫반송로 17 (반송동)
부산연산,부산 연제구 연산동 723-17
부산국제신도시,부산 강서구 명지동 3357-7
부산시청,부산 연제구 시청로 26-1 (연산동) 1층
부산안락,부산 동래구 안락동 633-4
부산연산연동,"부산 연제구 과정로 320 (연산동, 월드파크4)"
부산안락SK,부산 동래구 안락동 469-3
부산반여,부산 해운대구 선수촌로 101-1
부산부암롯데마트,부산 부산진구 신천대로 241 4층
부산가야,부산 부산진구 가야대로 589 (가야동)
서면트레이더스,"부산 부산진구 시민공원로 31 (부암동, 이마트트레이더스서면점)"
SPC스퀘어,서울 강남구 역삼동 831-23 2층
강남대로,서울 강남구 강남대로 442 (역삼동)
강남신논현,서울 서초구 강남대로69길 8 (서초동)
CAFE31서초우성,서울 서초구 서초동 1337-34 1층
교대역,"서울 서초구 서초대로 331 (서초동, 정우빌딩)"
flow도곡,서울 강남구 도곡동 902-2 지상 1층 102호
반포삼호가든,서울 서초구 고무래로8길 2
양재역사,"서울 서초구 남부순환로 지하 2585 (서초동, 양재역)"
양재사옥,서울 서초구 남부순환로 2620 지하1층
반포역,서울 서초구 잠원동 58-24
선릉,서울 강남구 역삼동 696-5 함지빌딩1층
남부터미널역,"서울 서초구 반포대로10길 35 (서초동, 서초지웰)"
고속터미널역,서울특별시 서초구 반포동 19-4 고속터미널역 지하 엔터식스스쇼핑
고속터미널경부선,서울 서초구 반포동 19-4 강남고속버스터미널 경부선 1층
대치,서울 강남구 선릉로 402
대치2호,서울 강남구 선릉로64길 5
세로수길,"서울 강남구 도산대로11길 15 (신사동), 1층"
반포서래마을,"서울 서초구 서래로 39 (반포동,1층)"
삼성플래티넘,서울 강남구 봉은사로 474
서초,서울 서초구 방배3동 1001-31
포이동,서울 강남구 개포동 1238-7
BROWN청담,서울 강남구 도산대로 327 (신사동) SGF 청담타워 3층
은마사거리,서울 강남구 도곡로 504 (대치동)
파르나스몰,"서울 강남구 테헤란로 521, 지하1층 R-21,22호 (삼성동, 파르나스타워)"
방배역,서울 서초구 방배로 100 (방배동)
내방,서울 서초구 방배로 200 (방배동)
압구정역,서울 강남구 압구정로 206 (신사동)
양재매헌,서울 서초구 동산로 18
청담사거리,서울 강남구 도산대로 521 (청담동)
개포,서울 강남구 개포동 186-16
서초우면,"서울 서초구 태봉로 70, 107-1호"
이수역,"서울 동작구 동작대로 27길 15, 101호"
한남,서울 용산구 대사관로 66-1 (한남동)
HIVE한남,"서울 용산구 독서당로 93 (한남동, 멕시코대사관)"
사당방배,"서울 서초구 동작대로 44 (방배동, 은혜빌딩)"
일원,"서울 강남구 개포로110길 43 (일원동, 개포한신아파트)"
사당역,서울 관악구 과천대로 949
옥수역,"서울 성동구 한림말1길 10 (옥수동, 예건네스빌) 101호"
잠실새내중앙,"서울 송파구 백제고분로7길 29 (잠실동, 우림빌딩)"
남성역,서울 동작구 사당로 236
동부이촌,"서울 용산구 이촌동 300-301 삼익상가 108, 109호"
성수이마트,서울 성동구 뚝섬로 379
신천역,서울 송파구 올림픽로 130 (잠실동)
성동금호,서울 성동구 금호동4가 144-1(독서당로 314)
자양,서울 광진구 뚝섬로 552
경리단길,서울 용산구 이태원동 211-14
흑석DT,서울 동작구 흑석동 9-46
서울숲,"서울 성동구 왕십리로 114 (성수동1가, 신한빌딩)"
성수역,서울 성동구 아차산로7길 4
건대스타시티,서울 광진구 아차산로 262
세종조치원,세종특별자치시 조치원읍 으뜸길 222 (원리)
세종해밀,"세종특별자치시 113호,114호 세종특별자치시 해밀3로 51 (해밀동, 스카이허브)"
세종도담,"세종특별자치시 도담동 246-5 세종한신휴시티 106,107호"
세종고운,"세종특별자치시 만남로 140 (고운동, 에이스프라자)"
세종아름,세종특별자치시 세종특별자치시 아름동 1360 해피라움3 107호
세종홈플러스,"세종특별자치시 어진동 세종특별자치시 절재로 154 (어진동, 홈플러스 세종점)"
세종종촌,"세종특별자치시 도움1로 106 1층 105호(종촌동, 메가시티)"
세종다정,"세종특별자치시 다정중앙로 52 (다정동, 페스티발2)"
세종반곡,"세종특별자치시 세종특별자치시 세종특별자치시 반곡동 45-14 시드니블루 101호, 102호"
세종나성,"세종특별자치시 세종특별자치시 세종특별자치시 나성동 361-50 퍼스트원 194호, 195호"
세종새롬,"세종특별자치시 새롬중앙로 64 (새롬동, 세종영광프라자)"
세종소담,"세종특별자치시 시청대로 236 (소담동, 새샘마을3단지)"
세종한솔,세종특별자치시 세종특별자치시 세종특별자치시 한솔동 971 첫마을5단지 제씨상가동 제지1층 103
세종보람,"세종특별자치시 남세종로 450 (보람동, 보람빌딩)"
세종대평,세종특별자치시 세종특별자치시 세종특별자치시 대평동 568-1
세종이마트,세종특별자치시 가람동 65
울산언양,울산 울주군 언양읍 헌양길 50 (동부리)
울산구영리,울산 울주군 범서읍 구영로 94
울산천상,"울산 울주군 범서읍 천상중앙길 70 (천상리, 천상중앙시장형상가)"
울산천곡,"울산 북구 가재길 82 (천곡동, 리더스빌딩)"
울산매곡,울산 북구 신기1길 2 (매곡동)
울산상안홈플러스,울산 북구 신답로 26 홈플러스 1층
울산호계,울산 북구 호계로 304
울산무거,울산 남구 무거동 328-7 (북부순환도로 13)
울산대,울산 남구 대학로 86
울산태화,울산 중구 태화로 181 (태화동)
울산송정,울산 북구 화산로 115 (송정동)
울산우정,울산 중구 명륜로 44
울산옥동,울산 남구 문수로 337
울산성남,울산 중구 성남동 219-20
울산중구홈플러스,울산 중구 번영로 475 홈플러스 1층
울산화봉,울산 북구 화봉동 449-6
울산신정,울산 남구 신정동 495-3
울산병영,울산 중구 번영로 585
울산강동,울산 북구 화암1길 32 (산하동)
울산공업탑,울산 남구 삼산로 14
울산메가마트,"울산 북구 진장17길 10 (진장동, 메가마트) 1층"
울산달동,울산 남구 신정로 38
울산남구보건소,울산 남구 돋질로 284
울산삼산일번가,울산 남구 삼산동 1570-7
울산삼산,울산 남구 삼산동 1474-1
울산명촌,울산 북구 명촌동 891-1
울산남구홈플러스,울산 남구 수암로 148 삼성테스코홈플러스
울산수암,울산 남구 중앙로 8
울산삼산이마트,"울산 남구 남중로 48 (삼산동, 울산점 EMART) 1층"
울산남목,울산 동구 방어진순환도로 1126
울산덕신,울산 울주군 온산읍 덕신리 1285-4
울산동구현대,"울산 동구 방어진순환도로 899 (서부동, 현대백화점), 지하1층"
울산온양,울산 울주군 온양읍 온양로 105 (대안리)
울산전하,울산 동구 전하로 2
울산대송시장,울산 동구 화정동 847-6
울산동구홈플러스,울산 동구 방어진순환도로 637 홈플러스 지하1층
울산방어진,울산 동구 방어동 1157-6
인천동양,인천 계양구 동양동 640
인천검단금호,"인천 서구 이음1로 389 (원당동) A플러스타워 104, 105호"
부평부개,인천 부평구 길주남로 175 신명보람 아파트 상가
부평미래타운,인천 부평구 부평북로 442
부개역남부,인천 부평구 경인로 1075 (부개동) 1층
서창1지구,인천 남동구 서창동 543-2
부평하늘채,"인천 부평구 동수천로 132 (부개동, 부개빌딩)"
인천서창,인천 남동구 서창동 664-1
인천계산,인천 계양구 도두리로 33
인천계양구청,인천 계양구 계산새로 93
부평삼산,인천 부평구 체육관로 24 청호빌딩
인천임학역,인천 계양구 장제로 881
부평삼산사거리,"인천 부평구 평천로 392 (삼산동, 선우프라자)"
인천만수시장,인천 남동구 만수서로 87
인천만수,"인천 남동구 장승남로 44 (만수동, 명진프라자)"
인천만수역,"인천 남동구 만수동 956 1층, 105호, 106호"
부평구청,인천 부평구 부평동 889-6
부평명동,인천 부평구 시장로 19
부평역남부,"인천 부평구 경인로 947 (부평동, 태성메디칼)"
부평역광장,인천 부평구 부평동 738-21 부평역광장 1층
부평동아,인천 부평구 부평문화로 52 (부평동)
인천갈산역,인천 부평구 평천로 286 (갈산동)
인천작전역,인천 계양구 계양대로 44 덕용프라자
작전홈플러스,"인천 계양구 계양대로 27 (작전동, HOME PLUS 작전점)"
인천계산역,인천 계양구 계산동 931-56
경인교대역,인천 계양구 계산로 89 (계산동)
간석벽산,인천 남동구 호구포로 917
부평산곡,인천 부평구 원적로 434 혜성프라자
인천소래,인천 남동구 포구로 77 (논현동)
인천백운역,인천 부평구 경원대로 1260 (산곡동)
인천효성,인천 계양구 효성동 60-4
인천간석,인천 남동구 남동대로 881 (간석동)
인천청천,인천 부평구 마장로 388
산곡한화,인천 부평구 산곡동 100-80
구월아시아드,"인천 남동구 인하로 (구월동) 568 아시아드타워 108,109호"
논현홈플러스,인천 남동구 청능대로 596 (논현동) 지하 1층
인천동암역,인천 부평구 십정동 402-54 1층 2호
인천논현,인천 남동구 논고개로123번길 34 (논현동)
인천구월CGV,"인천 남동구 예술로 198 (구월동, CGV 홈플러스) 씨앤씨빌딩 2층"
인천논현에코,인천 남동구 논현동 한화에코메트로 7단지 701동 앞
인천구월중앙로,인천 남동구 구월동 1467 해동빌딩 101호
간석역남부,인천 미추홀구 주안동 1617 벽산단지내상가 120호
인천관교,인천 남동구 문화로 59 (구월동)
인천호구포역,"인천 남동구 호구포로 221 (논현동, 남동메디칼센터)"
간석홈플러스,인천 남동구 경원대로 971 2층
인천선학역,인천 연수구 학나래로118번길 47 (선학동)
인천석바위,"인천 미추홀구 경원대로 851 (주안동, 국도극장) 1층"
인천가좌,인천 서구 원적로 103
인천원당,인천 서구 원당대로 876 희림타워
주안역북부,인천광역시 미추홀구 주안5동 25-39
전남담양,전남 담양군 담양읍 지침3길 11 (지침리)
전남장성,전남 장성군 장성읍 영천리 1039-9
전남영광,전남 영광군 영광읍 신남로 203
전남구례,전남 구례군 구례읍 봉남리 204-1
화순광덕,전남 화순군 화순읍 중앙로 93 (만연리)
나주남평,전남 나주시 남평읍 동사리 362-3
전남함평,전남 함평군 함평읍 기각리 882-1
전남나주,전남 나주시 중앙동 24
나주빛가람,전남 나주시 전력로 2
나주혁신,전남 나주시 그린로 198 (빛가람동)
전남무안,전남 무안군 무안읍 면성1길 107
순천삼산,전남 순천시 석현동 213-1
순천법원,전남 순천시 왕지동 863-1
전남광양읍,전남 광양시 광양읍 희양현로 52 (인동리)
순천홈플러스,전남 순천시 신월큰길 10 순천홈플러스 2층 배스킨라빈스
광양창덕,전남 광양시 광양읍 용강로 29 (용강리)
순천중앙,전남 순천시 중앙동 85-11
순천왕지,"전남 순천시 왕궁길 43 (조례동, 미니스톱)"
순천연향,전남 순천시 연향동 1336-4
순천금당,전남 순천시 연향동 1504-2
순천이마트,전남 순천시 팔마로 191 순천이마트 1층 배스킨라빈스
순천풍덕홈플러스,전남 순천시 팔마로 222 풍덕홈플러스 3층 배스킨라빈스
순천오천,전남 순천시 오천6길 15 (오천동)
순천신대,전남 순천시 해룡면 신대리 1985-5
광양마동,전남 광양시 사동로 177-1 (마동)
광양중마,전남 광양시 중동 1650-6
광양홈플러스,전남 광양시 항만11로 70 광양홈플러스 1층 배스킨라빈스
전남벌교,전남 보성군 벌교읍 벌교리 888-10
목포석현,전남 목포시 석현동 815-1
무안삼향,전남 무안군 삼향읍 남악리 1599
무안남악,전남 무안군 삼향읍 남악리 2104
목포옥암,전남 목포시 후광대로 110
목포용해,전남 목포시 용해지구로 3 (용해동)
전남보성,전남 보성군 보성읍 보성리 867-1
목포상동,전남 목포시 하당로 264 (옥암동)
목포하당,전남 목포시 상동 987
목포북항,"전남 목포시 청호로 192(산정동,1층)"
목포역,전남 목포시 수문로 7
여수쌍봉,전남 여수시 쌍봉로 29
여수죽림,전남 여수시 소라면 죽림로 13 (죽림리)
전남영암삼호,전남 영암군 삼호읍 대불주거로 145 (용앙리)
여수학동,전남 여수시 학동 85-3 102호
여수여서,전남 여수시 여서동 220
여수소호,전남 여수시 소호동 359-2
여수웅천,전남 여수시 웅천동 1694-1
여수마리나,전남 여수시 웅천로 134 (웅천동) 108호
여수충무,전남 여수시 진남상가길 47-2
여수국동,전남 여수시 봉산동 268-11
전남장흥,전남 장흥군 장흥읍 중앙로 33-1
전남강진,전남 강진군 강진읍 남성리 5-21
군산영동,전북 군산시 중앙로 139
원광대,전북 익산시 무왕로 898
군산조촌,전북 군산시 궁포1로 24-5 (조촌동)
완주봉동,전북 완주군 봉동읍 둔산리 899-7
익산영등,전북 익산시 무왕로 13길 3
익산부송,전북 익산시 부송로 68
익산배산,전북 익산시 모현동1가 865
군산미장,전북 군산시 미장안길 3 (미장동)
군산소룡,"전북 군산시 동아로 163 (소룡동, 캐나다이레) 110호"
,전북 군산시 소룡동 1543-1
익산모현,전북 익산시 고현로 98-3
군산수송,전북 군산시 월명로 233
군산나운,전북 군산시 하나운로 63
익산동산,전북 익산시 동산동 1055-2
전북무주,전북 무주군 무주읍 단천로 107 (읍내리)
군산대,전북 군산시 황룡로 9
전북삼례,전북 완주군 삼례읍 삼례로 382 (삼례리)
전주에코세병,전북 전주시 덕진구 송천동2가 1301-2
전주에코시티,전북 전주시 덕진구 세병로 28 (송천동2가)
전주동산,전북 전주시 덕진구 편운로 6
전주송천,전북 전주시 덕진구 송천중앙로 146
전주호성,전북 전주시 덕진구 호성3길 16
전주덕진홈플러스,전북 전주시 덕진구 백제대로 771 홈플러스 2층
전주만성,전북 전주시 덕진구 만성중앙로 45 (만성동)
전북대,전북 전주시 덕진구 명륜4길 22 (금암동)
전주하가,전북 전주시 덕진구 덕진동2가 693-3
전주혁신,전북 완주군 이서면 갈산리 664-4(기지로56)
전주안골,전북 전주시 덕진구 인후동1가 765-28
전주서신,전북 전주시 완산구 온고을로 62
전주아중,전북 전주시 덕진구 건산로 248
전주중화산,전북 전주시 완산구 유연로 281 (서신동)
전주완산홈플러스,"전북 전주시 완산구 기린대로 170 (중노송동, 홈플러스) 2층"
전주고사,"전북 전주시 완산구 전주객사5길 43-3 (고사동, 전주한성관광호텔)"
전주화산,전북 전주시 완산구 중화산동2가 105-9
전주서부,전북 전주시 완산구 효자동2가 1316-4
전주효자홈플러스,"전북 전주시 완산구 용머리로 31 (효자동1가, 홈플러스)"
,전북 전주시 완산구 용머리로 45 1층
전주효자,전북 전주시 완산구 용머리로 48
전북김제,전북 김제시 동서로 294
전주효천,전북 전주시 완산구 효자동2가 1377-2
전주삼천,전북 전주시 완산구 거마남로 1
전주평화사거리,전북 전주시 완산구 평화동1가 731-12
전주평화,전북 전주시 완산구 모악로 4680
전북진안,전북 진안군 진안읍 군상리 365-9
전북부안,전북 부안군 부안읍 번영로 149
전북임실,전북 임실군 임실읍 이도리 264
정읍수성,전북 정읍시 수성동 558-51
정읍상동,전북 정읍시 충정로 85
전북고창,전북 고창군 고창읍 중앙로 235 (읍내리)
남원도통,전북 남원시 용성로 216 (도통동)
제주함덕,제주특별자치도 제주시 조천읍 조함해안로 526 (함덕리)
제주삼화,제주특별자치도 제주시 건주로 43 (도련1동)
제주중앙,제주특별자치도 제주시 중앙로 72 (이도1동)
제주신일도,제주특별자치도 제주시 고마로 104
제주시청,제주특별자치도 제주시 중앙로 224 (이도2동)
제주법원,제주특별자치도 제주시 중앙로 325-1
신제주,제주특별자치도 제주시 도령로 52 (노형동)
제주노형,제주특별자치도 제주시 월랑로 39
제주도청,제주특별자치도 제주시 신대로 124 (연동)
제주연동,제주특별자치도 제주시 국기로 9
제주외도,"제주특별자치도 제주시 우정로15길 1,104호"
제주아라,제주특별자치도 제주시 중앙로 556 (아라1동)
제주한라대,"제주특별자치도 제주시 노형동 1554, 1층(노형동)"
제주한림,제주특별자치도 제주시 한림읍 한림리 1197-1
서귀포표선,제주특별자치도 서귀포시 표선면 표선동서로 236 (표선리)
서귀포광장,제주특별자치도 서귀포시 일주동로 8674-1
서귀포혁신,제주특별자치도 서귀포시 신서로32번길 10 (강정동)
제주서귀포,"제주특별자치도 서귀포시 중정로 60 (서귀동, 김밥천국)"
제주중문,제주특별자치도 서귀포시 천제연로 181 (중문동)
서귀포대정,제주특별자치도 서귀포시 대정읍 하모상가로 49 (하모리)
아산둔포,"충남 아산시 둔포면 아산밸리중앙로 67 (석곡리, 아산테크노벨리이지더원4단지아파트)"
천안성환,충남 천안시 서북구 성환읍 성환리 449-98
천안성거,충남 천안시 서북구 성거읍 봉주로 97 (신월리)
당진기지시,"충남 당진시 송악읍 반촌로 96-1 (기지시리, 날으는산오징어)"
,"충남 천안시 서북구 성거읍 돌다리길 23-37 (요방리, 망향휴게소)"
당진신평,충남 당진시 신평면 거산리 165-4
천안차암,"충남 천안시 서북구 3공단6로 58-8 (차암동, 천안비즈타워), 106호"
천안성성,충남 천안시 서북구 성성동 685
천안서북이마트,"충남 천안시 서북구 삼성대로 20 (백석동, e마트) 지하 1층"
당진터미널,충남 당진시 수청동 984
천안먹자골목,"충남 천안시 서북구 두정로 168 (두정동, 은혜빌딩)"
천안두정,충남 천안시 서북구 두정로 244
천안백석,충남 천안시 서북구 한들3로 76 (백석동)
천안대림포레나,충남 천안시 서북구 천안대로 1012 (두정동)
천안롯데마트,충남 천안시 서북구 성정두정로 1
천안안서,"충남 천안시 동남구 각원사길 44 (안서동, 보명빌딩)"
천안신불당2호,"충남 천안시 서북구 불당26로 122 (불당동, 천안불당파크푸르지오 2단지) 108호"
당진시청,충남 당진시 시청1로 82 (읍내동)
당진,충남 당진시 당진중앙2로 76
천안터미널,충남 천안시 동남구 신부동 363-2
천안신부,충남 천안시 동남구 신부동 461-6 도솔빌딩
천안신불당,"충남 천안시 서북구 불당25로 138 (불당동) 1층 106,107호"
천안불당,"충남 천안시 서북구 불당17길 27 (불당동, 그랜드플라자)"
천안봉명,충남 천안시 서북구 쌍용동 879
천안역,충남 천안시 동남구 대흥동 299-7
아산탕정,충남 아산시 탕정면 명암리 935-2
천안쌍용,충남 천안시 서북구 쌍용동 1539
천안불당프라디움,충남 천안시 서북구 불당동 1280
천안아산트레이더스,충남 아산시 배방읍 장재리 1760 이마트트레이더스 천안아산점
천안이마트,"충남 천안시 서북구 충무로 187 (쌍용동, E 마트)"
천안홈플러스,충남 천안시 동남구 천안대로 574
아산신창,충남 아산시 신창면 남성길 134 (남성리)
천안신방,충남 천안시 동남구 수곡2길 8-3
탕정역,"충남 아산시 탕정면 매곡중앙로 70 (매곡리, 한들물빛도시지웰시티센트럴푸르지오2단지)"
아산모종,충남 아산시 번영로234번길 2 (모종동) 1층
,충남 아산시 번영로234번길 2
아산온양,충남 아산시 온궁로 26
탕정한들물빛,충남 아산시 배방읍 장재리 0
천안청수,충남 천안시 동남구 청당동 492
아산용화RE~0629,충남 아산시 온천동 582
아산배방,충남 아산시 배방읍 모산로 127
천안청당하늘채,"충남 천안시 동남구 광풍로 1822 (청당동, 아이지타워)"
아산풍기,충남 아산시 남부로 321-21 (풍기동)
아산북수,충남 아산시 배방읍 북수리 1189
천안신방통정,충남 천안시 동남구 통정11로 57 (신방동)
천안목천,"충남 천안시 동남구 목천읍 충절로 897 (신계리, SK광명주유소)"
서산성연,충남 서산시 성연면 성연3로 53 (일람리)
충남예산,충남 예산군 예산읍 역전로140번길 1
서산동문,충남 서산시 안견로 185
서산광장,충남 서산시 서령로 3
충북광혜원,충북 진천군 광혜원면 광혜원리 442-4번지
충북금왕,충북 음성군 금왕읍 무극로 277 (무극리)
충북혁신,충북 음성군 맹동면 대하3길 2 (동성리)
충북덕산,충북 진천군 덕산읍 시가로 4 (두촌리)
충북진천,충북 진천군 진천읍 읍내리 95-5
충북음성,충북 음성군 음성읍 시장로 91 (읍내리)
충주기업도시,"충북 충주시 중앙탑면 원앙9길 15 (용전리, e편한세상 충주)"
오창2산단,충북 청주시 청원구 오창읍 주성리 577 101호
충북증평,충북 증평군 증평읍 중앙로 213
충북오창,충북 청주시 청원구 오창읍 오창대로 315
충주롯데마트,충북 충주시 봉계1길 49 롯데마트충주점내 2층
충주연수,충북 충주시 번영대로 62
청주옥산,충북 청주시 흥덕구 옥산면 청주역로 625 (오산리)
충주국원,충북 충주시 연수동산로4길 1
청주테크노폴리스,충북 청주시 흥덕구 송화로 180 (송절동)
충북오송,충북 청주시 흥덕구 오송읍 오송생명로 186
충주용산,충북 충주시 형설로 90 (용산동)
충주호암,충북 충주시 호암동 1205
청주율량,충북 청주시 상당구 공항로 126
청주주성,충북 청주시 청원구 주성동 충청대로 174 한성빌딩 101호
청주지웰,충북 청주시 흥덕구 복대동 288-122
청주봉명,충북 청주시 흥덕구 봉명동 2689
충북괴산,충북 괴산군 괴산읍 읍내로11길 12-1 (동부리)
청주하복대,충북 청주시 흥덕구 진재로 49 (복대동) 1층
청주강서,충북 청주시 흥덕구 강서로 121 (강서동)
청주사창,충북 청주시 흥덕구 1순환로 664 1층 배스킨라빈스
청주북문,"충북 청주시 상당구 사직대로 368-1 (북문로1가, 민병회치과)"
청주개신,"충북 청주시 서원구 복대로 31 (개신동, 갤러리타워)"
청주모충,충북 청주시 서원구 개신동 2-41
청주가경홈플러스,충북 청주시 흥덕구 서부로 1291 청주가경홈플러스 1층
청주금천,충북 청주시 상당구 금천동 279
청주수곡,충북 청주시 서원구 수곡동 875
청주산남,충북 청주시 흥덕구 산남로 38 산남렉슬상가 106호
청주분평,충북 청주시 흥덕구 월평로 4 대상탑존빌딩 1층
청주동남,충북 청주시 상당구 용암동 3076
청주용암,충북 청주시 상당구 중흥로 54
청주하나로마트,충북 청주시 상당구 무농정로 32 청주하나로클럽 1층
청주방서,충북 청주시 상당구 방서동 247-9
제천하소,충북 제천시 하소로 42 (하소동)
제천강저,충북 제천시 청풍호로 100 (강제동) 1층
제천청전,충북 제천시 청전대로 177
제천중앙,충북 제천시 의림대로 112
제천이마트,충북 제천시 장평천로 11 이마트제천점내 2층
죽암휴게소(하행),"충북 청주시 서원구 현도면 경부고속도로 289 (선동리, 죽암휴게소 부산방향)"
충북보은,충북 보은군 보은읍 삼산로 20
충북단양,충북 단양군 단양읍 삼봉로 280
충북옥천,충북 옥천군 옥천읍 금구리 16-1
충북영동,충북 영동군 영동읍 중앙로3길 2
